date,open,high,low,close,volume,target
2022-01-01,3737.79,3784.2,3674.37,3745.73,5567.40747,1.0176921454562928
2022-01-02,3744.14,3857.43,3731.18,3812.0,5407.46757,0.9815398740818468
2022-01-03,3813.53,3853.08,3681.79,3741.63,7290.35897,1.0167440393625238
2022-01-04,3741.94,3893.47,3735.94,3804.28,8872.22178,0.9090077491667279
2022-01-05,3804.28,3848.0,3399.0,3458.12,18024.77702,0.9354938521508798
2022-01-06,3458.19,3466.39,3140.0,3235.05,16496.64938,0.9938115330520394
2022-01-07,3234.58,3282.97,3063.74,3215.03,15617.27376,0.9712724298062537
2022-01-08,3215.98,3247.75,2999.06,3122.67,14624.6014,1.0166460112659998
2022-01-09,3123.93,3212.56,3074.67,3174.65,8315.08289,0.9802749909438836
2022-01-10,3173.26,3174.67,2928.88,3112.03,16544.55038,1.0380426923904975
2022-01-11,3111.79,3265.82,3076.36,3230.42,9563.39222,1.0336953089691123
2022-01-12,3231.65,3412.73,3207.02,3339.27,10983.24122,0.9904679765337934
2022-01-13,3338.72,3412.43,3223.45,3307.44,9747.95941,1.0008254117988535
2022-01-14,3306.77,3343.72,3188.42,3310.17,8202.24429,0.9996737327690118
2022-01-15,3310.5,3373.41,3263.0,3309.09,5191.28084,0.9875585130655256
2022-01-16,3308.39,3393.65,3237.86,3267.92,6403.94889,0.9717220739797793
2022-01-17,3267.07,3300.6,3139.32,3175.51,8401.12428,0.9784129163504445
2022-01-18,3176.09,3207.33,3083.76,3106.96,10112.34829,1.007212838272781
2022-01-19,3107.36,3162.21,3046.64,3129.37,9903.26984,0.9135417032821302
2022-01-20,3128.46,3273.33,2809.9,2858.81,19048.4589,0.8733633924604994
2022-01-21,2859.89,2899.95,2461.71,2496.78,33715.60089,0.9892141077708086
2022-01-22,2496.86,2533.77,2300.0,2469.85,41902.60887,0.9884203494139321
2022-01-23,2467.47,2551.11,2371.46,2441.25,19081.4737,0.9815094726062469
2022-01-24,2440.84,2483.01,2158.99,2396.11,44133.27028,1.0339091277111652
2022-01-25,2393.82,2508.63,2350.59,2477.36,18342.28277,0.9656892821390513
2022-01-26,2477.67,2723.21,2355.09,2392.36,31674.08228,1.0235248875587286
2022-01-27,2389.56,2521.9,2313.48,2448.64,19516.80224,1.0353910742289598
2022-01-28,2449.3,2588.31,2358.98,2535.3,17970.52479,1.0275667573857137
2022-01-29,2535.04,2637.69,2526.24,2605.19,12193.57075,0.9630775490463267
2022-01-30,2606.72,2642.45,2478.34,2509.0,11356.11781,1.0892028696691909
2022-01-31,2509.82,2767.89,2503.76,2732.81,17030.0498,1.0118815431735102
2022-02-01,2732.86,2815.68,2719.04,2765.28,15489.7242,0.9607960134235953
2022-02-02,2765.0,2812.52,2614.58,2656.87,14367.57826,1.042851174502328
2022-02-03,2656.9,2785.0,2577.51,2770.72,10774.02063,1.091600739158053
2022-02-04,2772.59,3040.0,2764.28,3024.52,17269.26401,0.9989320619470197
2022-02-05,3026.11,3062.56,2962.54,3021.29,7487.35614,1.0244266521916137
2022-02-06,3020.85,3112.85,2952.21,3095.09,9404.25843,1.030335143727646
2022-02-07,3096.32,3200.0,3051.72,3188.98,11257.0155,0.969861836700136
2022-02-08,3188.01,3233.4,3028.01,3092.87,11149.60805,1.0269814120865088
2022-02-09,3091.53,3273.42,3071.42,3176.32,9961.39184,0.9614050221640137
2022-02-10,3178.14,3284.66,3002.05,3053.73,15798.69299,0.9590631784735388
2022-02-11,3050.0,3144.68,2878.51,2928.72,11861.50731,0.9961826326859516
2022-02-12,2927.62,2986.98,2859.51,2917.54,5859.28576,0.9764596200908986
2022-02-13,2916.48,2955.18,2832.16,2848.86,5498.21671,1.0585953679717501
2022-02-14,2849.45,3040.0,2843.46,3015.79,8700.72005,1.0382951067547808
2022-02-15,3014.73,3198.39,3013.62,3131.28,8951.54781,0.9805989882731663
2022-02-16,3130.65,3189.23,3046.0,3070.53,8067.75879,0.9444818972620361
2022-02-17,3070.59,3138.0,2854.19,2900.06,11255.57068,0.9692316710688744
2022-02-18,2901.32,2946.18,2753.58,2810.83,9033.16194,0.9460337338081634
2022-02-19,2810.95,2827.57,2656.4,2659.14,6370.54372,1.030227818016351
2022-02-20,2657.76,2758.33,2575.79,2739.52,9457.95664,0.9143937624109333
2022-02-21,2739.38,2760.04,2500.0,2505.0,22572.05305,1.06125748502994
2022-02-22,2503.34,2667.22,2502.27,2658.45,12884.47425,0.8784780605239896
2022-02-23,2659.88,2754.59,2300.0,2335.39,18140.89823,1.115732275979601
2022-02-24,2336.02,2736.33,2302.0,2605.67,22021.29956,1.0663514566311159
2022-02-25,2607.21,2878.48,2571.36,2778.56,14825.41607,0.9751382010825752
2022-02-26,2776.64,2856.04,2679.67,2709.48,7715.02141,0.9634763866129294
2022-02-27,2710.4,2837.38,2556.94,2610.52,11728.1315,1.1165285077302605
2022-02-28,2611.97,2977.87,2570.0,2914.72,15698.17762,1.0299445572816601
2022-03-01,2913.84,3044.49,2855.0,3002.0,14861.44283,0.9662291805463025
2022-03-02,3001.67,3036.0,2888.0,2900.62,12421.34175,0.9396542808089305
2022-03-03,2898.79,2935.37,2690.0,2725.58,9797.81117,0.9632445204323484
2022-03-04,2725.57,2762.25,2575.0,2625.4,9894.0333,1.0098499276300754
2022-03-05,2626.74,2686.78,2616.26,2651.26,4328.69972,0.954455617329119
2022-03-06,2650.18,2661.6,2508.15,2530.51,6329.544,0.9976882130479625
2022-03-07,2529.61,2648.89,2444.68,2524.66,11032.30123,1.0753408379742222
2022-03-08,2524.92,2731.4,2496.66,2714.87,11659.47708,0.9547271140054588
2022-03-09,2715.99,2773.54,2574.99,2591.96,10950.30838,0.990489822373802
2022-03-10,2593.34,2648.57,2523.01,2567.31,8070.72609,1.0096287553898828
2022-03-11,2565.43,2678.78,2527.34,2592.03,6879.78782,0.9970987990108139
2022-03-12,2591.22,2614.37,2559.42,2584.51,2698.22767,0.9942967912679772
2022-03-13,2584.75,2605.1,2493.15,2569.77,4416.27209,0.9911743074282913
2022-03-14,2571.81,2609.6,2514.51,2547.09,5929.09542,1.0288721639203955
2022-03-15,2546.4,2733.91,2508.28,2620.63,8999.26716,1.0589285782426363
2022-03-16,2620.44,2789.37,2612.75,2775.06,9970.18543,1.0020395955402766
2022-03-17,2774.01,2838.0,2748.37,2780.72,6355.22439,1.0601714663828075
2022-03-18,2781.86,2988.0,2781.11,2948.04,8610.93342,0.9909906242791822
2022-03-19,2946.71,2987.11,2890.8,2921.48,4290.46719,0.9742698906033928
2022-03-20,2921.08,2936.55,2818.43,2846.31,4638.66362,1.063728125186645
2022-03-21,2846.59,3064.69,2844.4,3027.7,9298.65997,0.9701522607920203
2022-03-22,3029.66,3033.12,2921.05,2937.33,7781.33249,1.031273299220721
2022-03-23,2939.15,3081.66,2929.82,3029.19,8332.44542,1.0379408356689412
2022-03-24,3028.56,3146.54,3004.0,3144.12,7809.07773,0.9906492118621426
2022-03-25,3144.68,3194.8,3075.47,3114.72,6507.8302,1.0082928802588997
2022-03-26,3113.9,3170.86,3106.67,3140.55,3158.01122,1.0568212574230629
2022-03-27,3140.5,3324.83,3127.09,3319.0,7247.37989,1.0217505272672491
2022-03-28,3319.0,3432.48,3304.82,3391.19,8859.61193,0.9947953373299638
2022-03-29,3391.44,3483.39,3333.21,3373.54,7322.58517,1.005878098377372
2022-03-30,3374.0,3449.33,3350.03,3393.37,5404.66276,0.9573668653875056
2022-03-31,3391.89,3446.38,3212.0,3248.7,8530.1028,1.0712838981746546
2022-04-01,3249.49,3525.44,3243.98,3480.28,8278.55542,0.99897422046502
2022-04-02,3480.01,3531.65,3414.3,3476.71,5722.1992,1.0063076874401373
2022-04-03,3476.84,3581.49,3470.4,3498.64,5943.31846,1.0074000182928224
2022-04-04,3497.88,3548.01,3409.09,3524.53,7085.01771,0.9533838554360439
2022-04-05,3525.23,3555.04,3266.66,3360.23,9548.52767,0.9543781229261091
2022-04-06,3360.25,3374.87,3142.46,3206.93,11085.54275,1.016299077310699
2022-04-07,3207.63,3276.56,3158.93,3259.2,5911.07896,0.9843243740795288
2022-04-08,3259.71,3314.77,3173.61,3208.11,9594.98997,1.0146316678667502
2022-04-09,3208.3,3269.39,3194.33,3255.05,3778.52552,0.976356737991736
2022-04-10,3253.79,3308.83,3151.59,3178.09,6071.96643,0.9443785418285826
2022-04-11,3180.77,3190.69,2949.53,3001.32,14474.94524,1.01974464568923
2022-04-12,3001.68,3086.4,2966.01,3060.58,11694.74851,1.0171732155343105
2022-04-13,3060.58,3144.78,2998.0,3113.14,9492.02357,0.9743924140899543
2022-04-14,3112.96,3122.78,2977.03,3033.42,8526.57388,1.003982303802309
2022-04-15,3033.78,3060.43,2993.45,3045.5,3934.25668,0.9970940732227878
2022-04-16,3045.16,3087.17,3010.71,3036.65,3248.9799,0.9593795794707984
2022-04-17,3037.66,3083.01,2901.72,2913.3,7462.59043,1.0453952562386297
2022-04-18,2912.21,3097.53,2884.45,3045.55,14375.6698,1.0134721150531103
2022-04-19,3047.86,3132.0,3030.35,3086.58,5736.62477,0.9994978260728704
2022-04-20,3087.39,3169.42,3037.49,3085.03,8273.51991,0.9774070268360436
2022-04-21,3084.3,3181.31,2937.5,3015.33,12035.21085,0.9775016333203994
2022-04-22,3016.11,3033.99,2916.82,2947.49,7738.6395,1.0016997513138297
2022-04-23,2948.22,2979.26,2922.04,2952.5,3209.96947,0.970628281117697
2022-04-24,2952.22,2968.08,2842.0,2865.78,6833.12747,1.0498503025354353
2022-04-25,2866.11,3038.54,2796.75,3008.64,14745.87503,0.9450981174218251
2022-04-26,3007.01,3021.31,2766.61,2843.46,11484.48978,1.0174646381521104
2022-04-27,2844.44,2921.02,2820.23,2893.12,8548.71495,1.0093082900121668
2022-04-28,2892.21,2985.41,2854.42,2920.05,9431.12292,0.9661923597198677
2022-04-29,2918.86,2936.01,2775.6,2821.33,7424.43242,0.9831285244902227
2022-04-30,2821.65,2842.07,2716.0,2773.73,6002.45882,1.0304535769523349
2022-05-01,2773.41,2865.92,2753.11,2858.2,6190.67244,0.9965887621580015
2022-05-02,2860.11,2883.05,2778.03,2848.45,7629.71991,0.9807825308501116
2022-05-03,2848.96,2854.24,2754.57,2793.71,6477.32864,1.0542361232912507
2022-05-04,2794.54,2967.63,2788.44,2945.23,9612.43889,0.9322735406063364
2022-05-05,2945.27,2950.77,2687.9,2745.76,12155.45728,0.9671712021443971
2022-05-06,2746.43,2754.96,2632.54,2655.62,11015.86519,0.9549784984297452
2022-05-07,2655.63,2703.47,2516.84,2536.06,10612.81547,0.9701663209860966
2022-05-08,2535.31,2577.38,2422.28,2460.4,12649.12658,0.9530482848317346
2022-05-09,2461.22,2468.56,2150.0,2344.88,34664.7063,1.003108901095152
2022-05-10,2343.81,2456.8,2259.51,2352.17,35208.70396,0.8042318369845717
2022-05-11,2352.87,2453.11,1824.0,1891.69,57089.05052,1.1016657063260895
2022-05-12,1892.65,2222.0,1703.41,2084.01,39570.00451,0.9691604166966569
2022-05-13,2083.84,2145.29,1995.59,2019.74,14492.01375,0.995781635259984
2022-05-14,2018.66,2076.2,1946.74,2011.22,8199.65521,1.0287288312566503
2022-05-15,2012.33,2163.0,2002.89,2069.0,10407.06709,1.002334461092315
2022-05-16,2069.0,2080.97,1976.05,2073.83,16207.33318,0.9797235067483835
2022-05-17,2073.93,2120.39,2005.25,2031.78,13352.50825,0.9574264930258197
2022-05-18,2030.25,2050.8,1900.61,1945.28,14821.62936,1.0377426385918738
2022-05-19,1945.73,2051.0,1911.83,2018.7,12687.46658,0.9724278000693515
2022-05-20,2016.34,2062.5,1920.11,1963.04,11503.40538,1.0004482842937485
2022-05-21,1963.0,1988.21,1953.61,1963.92,4357.10076,1.0313352886064606
2022-05-22,1963.92,2055.4,1963.72,2025.46,7721.6525,0.9802267139316501
2022-05-23,2026.11,2087.03,1953.2,1985.41,10366.8339,1.0094287829717792
2022-05-24,1985.61,2019.99,1910.0,2004.13,10441.29151,0.965955302300749
2022-05-25,2003.7,2009.52,1931.24,1935.9,10222.20622,0.9005268867193552
2022-05-26,1937.67,1944.03,1726.03,1743.33,32482.80696,1.009969426327775
2022-05-27,1742.27,1820.52,1703.99,1760.71,24892.09165,1.0074401803817779
2022-05-28,1760.21,1807.49,1747.32,1773.81,10937.95956,1.0556598508295703
2022-05-29,1773.02,1888.0,1771.72,1872.54,12317.96135,1.0585621668963012
2022-05-30,1873.0,2014.76,1870.85,1982.2,20188.72434,0.9751790939360306
2022-05-31,1983.44,1998.48,1912.39,1933.0,15514.19418,0.9383859286083808
2022-06-01,1932.87,1971.63,1761.89,1813.9,18164.43618,1.0007607916643695
2022-06-02,1815.64,1851.55,1780.33,1815.28,12550.7036,0.9735577982460006
2022-06-03,1814.61,1826.82,1735.8,1767.28,14278.07889,1.0126182608302023
2022-06-04,1767.18,1814.13,1755.36,1789.58,4421.50261,1.0503693604085875
2022-06-05,1789.29,1882.0,1771.76,1879.72,6855.76137,0.9323569467793075
2022-06-06,1878.74,1917.93,1724.77,1752.57,15242.00648,1.0193601396805834
2022-06-07,1752.84,1873.11,1734.83,1786.5,12498.98005,1.0056199272320179
2022-06-08,1786.66,1837.17,1770.45,1796.54,7629.51067,0.9972725349839136
2022-06-09,1797.5,1831.46,1743.87,1791.64,7739.69881,0.9354669464847848
2022-06-10,1791.54,1799.09,1652.7,1676.02,14381.22948,0.8658965883462011
2022-06-11,1676.55,1678.32,1444.52,1451.26,21651.77759,0.9288824883204939
2022-06-12,1451.29,1544.5,1302.93,1348.05,30681.86024,0.8566670375727903
2022-06-13,1348.67,1366.38,1074.85,1154.83,71666.41604,0.9830278049583057
2022-06-14,1155.46,1265.73,1120.41,1135.23,43241.06474,1.0487654484113351
2022-06-15,1137.07,1257.48,1013.0,1190.59,59966.38889,0.9110189065925299
2022-06-16,1191.1,1203.33,1050.0,1084.65,24886.99885,0.9951412898169917
2022-06-17,1085.19,1116.64,1062.28,1079.38,12955.32402,0.8954029164890955
2022-06-18,1079.3,1081.89,876.54,966.48,47000.83847,1.1048443837430675
2022-06-19,966.49,1157.56,935.0,1067.81,40146.39298,1.0573697567919387
2022-06-20,1067.93,1168.36,1058.73,1129.07,29423.27456,0.9726677708202327
2022-06-21,1129.33,1192.13,1084.64,1098.21,23883.9835,0.9889729650977499
2022-06-22,1098.07,1123.44,1042.52,1086.1,28295.24833,1.0571770555197497
2022-06-23,1086.34,1167.68,1081.13,1148.2,33563.4528,1.062759101201881
2022-06-24,1147.24,1244.62,1130.03,1220.26,27245.21298,1.013292249192795
2022-06-25,1220.35,1255.0,1179.25,1236.48,16114.57049,0.9882408126293997
2022-06-26,1236.73,1280.57,1193.99,1221.94,22017.73862,0.9700721803034518
2022-06-27,1222.81,1237.87,1160.08,1185.37,18961.75942,0.9686258299096486
2022-06-28,1185.45,1235.88,1131.53,1148.18,22427.35344,0.9496420421885069
2022-06-29,1148.29,1151.0,1075.74,1090.36,28609.88791,0.9616915514142118
2022-06-30,1090.57,1119.21,996.67,1048.59,39800.71691,0.9957275961052461
2022-07-01,1049.02,1091.02,1031.85,1044.11,30301.85554,1.0252272270163107
2022-07-02,1043.89,1077.45,1026.25,1070.45,19632.68257,0.984800784716708
2022-07-03,1071.0,1086.28,1039.99,1054.18,15019.4171,1.090420990722647
2022-07-04,1054.27,1161.63,1044.15,1149.5,24729.39344,0.9845672031317965
2022-07-05,1149.83,1172.61,1076.4,1131.76,31224.05458,1.0343005584222802
2022-07-06,1131.25,1203.09,1119.07,1170.58,25880.18277,1.070768337063678
2022-07-07,1170.53,1276.0,1162.06,1253.42,24518.01101,0.9709434985878636
2022-07-08,1252.63,1255.86,1192.19,1217.0,23138.74817,0.9789153656532457
2022-07-09,1216.78,1233.3,1181.7,1191.34,11849.9618,0.9643090973189854
2022-07-10,1191.37,1194.54,1142.51,1148.82,11419.80791,0.9465451506763463
2022-07-11,1148.52,1160.43,1080.67,1087.41,15686.71079,0.9662224919763475
2022-07-12,1087.25,1092.0,1032.32,1050.68,18895.04991,1.052328016141927
2022-07-13,1050.68,1125.53,1005.2,1105.66,30853.91854,1.0780800607781778
2022-07-14,1105.19,1221.87,1071.61,1191.99,27128.6292,1.024815644426547
2022-07-15,1192.92,1286.92,1189.88,1221.57,25373.4146,1.1056754831896658
2022-07-16,1222.0,1422.77,1191.59,1350.66,28334.112,1.0457109857403049
2022-07-17,1351.2,1420.34,1318.91,1412.4,24590.88,1.0761469838572641
2022-07-18,1412.78,1629.59,1408.65,1519.95,64239.3778,1.0273430047041021
2022-07-19,1519.83,1589.73,1500.27,1561.51,49497.44433,0.9510858079679285
2022-07-20,1561.78,1620.82,1464.06,1485.13,51081.08325,1.0573013810238834
2022-07-21,1484.8,1605.8,1471.14,1570.23,33525.12087,1.0106417531189698
2022-07-22,1569.49,1645.43,1516.88,1586.94,36503.57547,0.9840447653975575
2022-07-23,1587.48,1594.93,1488.53,1561.62,28231.06637,0.9751924283756613
2022-07-24,1561.69,1663.79,1497.48,1522.88,34737.58548,0.9375722315612522
2022-07-25,1523.0,1552.81,1401.32,1427.81,38337.44922,1.0049026130927785
2022-07-26,1427.77,1458.89,1356.59,1434.81,31382.16532,1.1378858524822102
2022-07-27,1434.69,1677.99,1434.0,1632.65,67049.13352,1.0661317489970292
2022-07-28,1633.23,1784.0,1594.36,1740.62,49831.50586,0.9779733658121819
2022-07-29,1739.6,1766.16,1656.26,1702.28,40012.42368,1.0004288366191225
2022-07-30,1702.73,1745.0,1674.07,1703.01,27551.99196,0.9956723683360639
2022-07-31,1703.03,1754.48,1666.41,1695.64,22668.70326,0.9302033450496567
2022-08-01,1695.32,1697.91,1567.38,1577.29,22262.86919,1.023882735578112
2022-08-02,1576.67,1678.18,1557.99,1614.96,15032.14034,1.025078020508248
2022-08-03,1614.44,1684.61,1608.01,1655.46,10334.76582,1.0002235028330493
2022-08-04,1655.62,1668.0,1581.33,1655.83,12586.7203,1.0465567117397319
2022-08-05,1656.36,1750.03,1647.53,1732.92,17210.92855,0.9667266809777716
2022-08-06,1732.65,1736.09,1669.53,1675.26,7881.33034,1.0221577546171938
2022-08-07,1675.44,1729.99,1674.37,1712.38,7782.77965,1.039599855172333
2022-08-08,1713.23,1817.94,1713.0,1780.19,16404.26556,0.9437700470174532
2022-08-09,1780.61,1790.79,1656.47,1680.09,21212.15132,1.1268443952407312
2022-08-10,1680.73,1919.01,1673.23,1893.2,47994.4487,0.9991971265582084
2022-08-11,1893.46,1942.5,1857.06,1891.68,32618.35259,1.053629577941301
2022-08-12,1890.99,2010.0,1854.1,1993.13,26283.07956,0.9998444657398162
2022-08-13,1993.53,2021.19,1965.0,1992.82,19997.93594,0.9955690930440281
2022-08-14,1993.04,2030.6,1907.29,1983.99,27550.11082,0.9434724973412164
2022-08-15,1984.14,1993.03,1862.1,1871.84,28529.00223,1.0155248311821523
2022-08-16,1872.26,1914.46,1853.67,1900.9,19873.57186,0.970119417118207
2022-08-17,1901.55,1957.29,1819.0,1844.1,33656.39196,0.9862643023697197
2022-08-18,1844.0,1882.0,1806.02,1818.77,23190.91963,0.9060298993275675
2022-08-19,1818.27,1823.34,1603.38,1647.86,59988.40223,0.9611010644108117
2022-08-20,1647.44,1656.75,1524.03,1583.76,40868.77976,1.0150843562155882
2022-08-21,1583.49,1645.69,1563.21,1607.65,36751.36631,1.0020153640406806
2022-08-22,1607.27,1638.12,1530.0,1610.89,36297.6571,1.0074182594714722
2022-08-23,1610.84,1673.84,1564.12,1622.84,34098.97769,1.0327697123561166
2022-08-24,1623.23,1693.73,1621.17,1676.02,24308.0739,1.0042362262980156
2022-08-25,1676.56,1721.81,1672.14,1683.12,19668.08212,0.8876372451162128
2022-08-26,1682.51,1706.19,1483.42,1494.0,52163.60054,0.9956425702811245
2022-08-27,1493.48,1511.79,1448.0,1487.49,42747.30261,0.9743527687581093
2022-08-28,1487.26,1504.06,1422.62,1449.34,33260.75721,1.091821104778727
2022-08-29,1449.72,1585.87,1439.38,1582.42,32337.38462,1.0151982406693545
2022-08-30,1581.71,1619.18,1473.86,1606.47,42796.60981,0.9658505916699346
2022-08-31,1606.0,1615.2,1528.38,1551.61,27012.96113,1.0271717764128874
2022-09-01,1552.08,1610.26,1510.96,1593.77,23754.45226,0.9821304203241371
2022-09-02,1594.0,1648.69,1546.84,1565.29,23236.88772,0.9943524842042051
2022-09-03,1565.92,1572.53,1535.0,1556.45,9695.99912,1.0134408429438786
2022-09-04,1555.96,1592.27,1541.2,1577.37,10782.47412,1.0398384652934949
2022-09-05,1577.53,1675.59,1557.29,1640.21,23811.29573,0.921833179897696
2022-09-06,1640.35,1686.92,1491.26,1512.0,41692.67073,1.0864087301587302
2022-09-07,1511.68,1656.76,1500.07,1642.65,35706.39297,1.0328676224393512
2022-09-08,1643.71,1706.14,1595.52,1696.64,37004.37479,1.0214011222180308
2022-09-09,1696.89,1746.72,1685.26,1732.95,30971.5179,1.015851582561528
2022-09-10,1732.84,1789.62,1708.0,1760.42,15556.40234,0.981197668738142
2022-09-11,1760.93,1789.74,1713.55,1727.32,23622.37435,0.9923638931987125
2022-09-12,1727.4,1766.02,1674.82,1714.13,28013.67863,0.9459142538780606
2022-09-13,1714.92,1759.64,1553.0,1621.42,54300.26521,0.9879550024052991
2022-09-14,1621.42,1654.82,1560.0,1601.89,37392.20857,0.9168731935401306
2022-09-15,1601.9,1652.57,1447.1,1468.73,56961.22494,0.98096314503006
2022-09-16,1470.06,1481.89,1405.36,1440.77,39323.70697,1.0088771976096116
2022-09-17,1441.02,1476.4,1409.47,1453.56,21710.32438,0.8987176311951347
2022-09-18,1453.52,1460.56,1289.53,1306.34,36559.82584,1.038397354440651
2022-09-19,1305.5,1392.83,1281.07,1356.5,29460.73617,0.9867453004054552
2022-09-20,1356.62,1384.05,1312.85,1338.52,32167.16337,0.9441024415025551
2022-09-21,1338.69,1407.0,1219.3,1263.7,65912.59818,1.0682915248872358
2022-09-22,1263.55,1359.3,1252.1,1350.0,50179.03494,0.9838074074074075
2022-09-23,1349.89,1355.7,1262.4,1328.14,40639.31912,0.9996310629903474
2022-09-24,1328.18,1349.0,1306.66,1327.65,18152.88823,0.9747674462395963
2022-09-25,1328.01,1336.66,1268.1,1294.15,26351.95621,1.0668392381099563
2022-09-26,1294.47,1390.0,1278.32,1380.65,41504.26105,0.9296418353673993
2022-09-27,1381.06,1400.14,1267.22,1283.51,39724.83959,1.0455859323261993
2022-09-28,1283.51,1355.15,1253.61,1342.02,38293.1392,0.9899181830375107
2022-09-29,1341.45,1351.69,1288.5,1328.49,32370.55283,1.000188183576843
2022-09-30,1328.69,1373.28,1310.91,1328.74,30760.1959,0.9879810948718335
2022-10-01,1329.12,1333.19,1302.81,1312.77,10236.08975,0.9815809319225759
2022-10-02,1312.54,1317.8,1263.16,1288.59,21964.43817,1.031220170884455
2022-10-03,1287.9,1335.58,1284.04,1328.82,25377.98909,1.0166312969401425
2022-10-04,1328.25,1370.16,1324.38,1350.92,31271.06044,1.016573890385811
2022-10-05,1351.02,1384.12,1316.08,1373.31,25324.08572,0.9845628445143485
2022-10-06,1373.92,1380.46,1345.21,1352.11,24056.41009,0.9820946520623324
2022-10-07,1353.04,1360.74,1317.7,1327.9,13912.47092,0.9887792755478575
2022-10-08,1328.36,1333.22,1303.53,1313.0,5343.48112,1.0091546077684692
2022-10-09,1313.0,1338.22,1310.85,1325.02,5323.4044,0.9639703551644503
2022-10-10,1324.56,1325.25,1268.0,1277.28,13256.79122,1.011532318677189
2022-10-11,1276.98,1298.11,1268.47,1292.01,12288.07639,0.9943266692982253
2022-10-12,1292.59,1306.45,1282.19,1284.68,11188.48232,1.0333468256686489
2022-10-13,1284.87,1341.6,1190.0,1327.52,40569.52845,0.9781848861034108
2022-10-14,1327.51,1343.25,1289.53,1298.56,17684.6549,0.9893343395761459
2022-10-15,1298.85,1299.08,1263.84,1284.71,8942.64571,1.0159958278522
2022-10-16,1285.09,1315.61,1279.45,1305.26,9419.22764,1.0233210241637682
2022-10-17,1305.81,1341.69,1304.89,1335.7,16458.51433,0.9760574979411545
2022-10-18,1335.27,1340.37,1286.9,1303.72,15786.21725,0.9900131930169055
2022-10-19,1303.37,1308.1,1270.59,1290.7,17160.76775,0.9982180212287907
2022-10-20,1290.9,1310.7,1271.7,1288.4,17298.5629,1.0071484011176652
2022-10-21,1288.07,1306.75,1253.91,1297.61,14360.42429,1.0097332788742381
2022-10-22,1297.41,1320.27,1295.0,1310.24,6611.40874,1.0289259982903896
2022-10-23,1309.98,1371.52,1298.86,1348.14,17187.92432,0.9987241681131039
2022-10-24,1347.51,1359.11,1324.24,1346.42,23141.19947,1.0995677426063188
2022-10-25,1346.62,1524.66,1339.38,1480.48,57693.39523,1.0551645412298714
2022-10-26,1480.48,1595.05,1477.65,1562.15,76130.33568,0.9656371027110072
2022-10-27,1561.7,1577.33,1497.5,1508.47,54631.65694,1.0484132929392034
2022-10-28,1508.02,1594.89,1480.77,1581.5,56756.80384,1.023629465697123
2022-10-29,1581.87,1664.28,1574.9,1618.87,53945.19347,0.9818515384187737
2022-10-30,1619.11,1640.37,1561.57,1589.49,32957.65828,1.0001698658060132
2022-10-31,1589.37,1635.33,1546.5,1589.76,40505.72492,1.0001698369565217
2022-11-01,1589.44,1612.33,1563.15,1590.03,18854.49988,0.9767803123211511
2022-11-02,1590.35,1620.89,1501.82,1553.11,51246.95764,0.9987251385928879
2022-11-03,1553.42,1556.04,1522.06,1551.13,14721.18887,1.0595565813310295
2022-11-04,1550.77,1676.57,1547.64,1643.51,38835.3518,0.9852632475616212
2022-11-05,1643.69,1658.59,1612.98,1619.29,10856.00818,0.9808125783522408
2022-11-06,1619.57,1638.63,1564.34,1588.22,15343.38172,0.9262004004483005
2022-11-07,1588.01,1608.12,1433.74,1471.01,34336.39951,0.8852896989143514
2022-11-08,1470.58,1578.82,1229.91,1302.27,92901.48412,0.9107942285393965
2022-11-09,1302.79,1308.1,1071.69,1186.1,61165.64179,1.0640333867296181
2022-11-10,1184.66,1348.98,1170.25,1262.05,48125.72796,0.9860148171625531
2022-11-11,1262.38,1316.5,1199.0,1244.4,35906.07654,1.0147862423657987
2022-11-12,1243.18,1282.17,1240.95,1262.8,11634.36337,0.9342176116566361
2022-11-13,1262.28,1263.44,1169.96,1179.73,16772.83857,1.0564281657667431
2022-11-14,1179.16,1285.38,1175.15,1246.3,17015.50711,1.0079435127978817
2022-11-15,1246.81,1289.9,1232.4,1256.2,14793.14169,0.9633259035185481
2022-11-16,1256.69,1259.24,1185.64,1210.13,20376.00297,1.0048259277928817
2022-11-17,1210.24,1232.37,1182.0,1215.97,13367.79638,0.9903862759772033
2022-11-18,1216.98,1225.78,1195.0,1204.28,6870.92831,1.0109359949513403
2022-11-19,1203.93,1232.04,1201.33,1217.45,4267.75565,0.9312990266540719
2022-11-20,1217.78,1221.77,1109.09,1133.81,20800.13211,0.9682839276421975
2022-11-21,1133.83,1145.15,1077.6,1097.85,16286.98633,1.0538780343398462
2022-11-22,1097.97,1170.12,1074.06,1157.0,17922.85278,1.036810717372515
2022-11-23,1157.55,1208.44,1149.14,1199.59,14279.03177,0.9771838711559784
2022-11-24,1199.98,1215.8,1170.37,1172.22,10900.17358,1.0401716401358105
2022-11-25,1172.67,1227.53,1171.44,1219.31,8305.50668,0.9973099539903716
2022-11-26,1220.04,1234.47,1195.23,1216.03,6306.73643,0.959672047564616
2022-11-27,1216.37,1221.55,1158.32,1166.99,10039.28189,1.0342162315015553
2022-11-28,1167.0,1213.49,1150.16,1206.92,15428.15701,1.0531103967122923
2022-11-29,1207.24,1281.52,1202.19,1271.02,17349.17626,1.0089455712734654
2022-11-30,1270.96,1310.0,1256.04,1282.39,15576.95774,0.9927323201210239
2022-12-01,1282.46,1298.4,1263.0,1273.07,7478.99503,1.0123559584311939
2022-12-02,1273.53,1305.44,1268.4,1288.8,8244.01076,0.9778941651148355
2022-12-03,1288.73,1289.26,1235.79,1260.31,10657.68254,1.0294451365140325
2022-12-04,1260.25,1304.42,1250.25,1297.42,8174.9452,0.9691387522930123
2022-12-05,1297.88,1305.37,1246.84,1257.38,13601.42504,1.0027438006012501
2022-12-06,1257.38,1277.37,1242.38,1260.83,10321.8858,0.9745960993948432
2022-12-07,1260.31,1260.31,1219.12,1228.8,26397.22422,1.0422526041666667
2022-12-08,1228.62,1291.68,1224.89,1280.72,54083.83613,0.9863982759697669
2022-12-09,1280.86,1295.77,1255.6,1263.3,40864.53129,1.009973877938732
2022-12-10,1263.29,1283.5,1259.2,1275.9,42479.19052,0.9777882279175483
2022-12-11,1276.1,1284.4,1240.5,1247.56,63049.09112,1.0197986469588638
2022-12-12,1247.51,1278.89,1241.79,1272.26,80953.67761,1.037916778017072
2022-12-13,1272.43,1347.54,1254.92,1320.5,80492.74566,0.9770995834911018
2022-12-14,1320.52,1352.04,1281.63,1290.26,69743.41427,0.9850805264055307
2022-12-15,1290.21,1292.14,1258.99,1271.01,39001.06112,0.9261138779395913
2022-12-16,1270.98,1279.96,1155.44,1177.1,81554.60917,1.0089287231331239
2022-12-17,1177.43,1197.08,1171.83,1187.61,32760.88294,0.9928680290667814
2022-12-18,1187.75,1195.0,1172.43,1179.14,31131.9628,1.0249164645419542
2022-12-19,1179.0,1213.89,1150.72,1208.52,55418.47413,1.0020272730281667
2022-12-20,1208.71,1229.73,1202.97,1210.97,46399.773673236,1.0001073519575217
2022-12-21,1211.09,1222.32,1205.64,1211.1,28419.141834768,1.0082652134423251
2022-12-22,1211.1,1236.1,1182.77,1221.11,45398.399393758,0.996691534751169
2022-12-23,1221.26,1229.97,1212.93,1217.07,32722.295448782,1.0014625288602956
2022-12-24,1217.13,1227.17,1214.86,1218.85,14245.716167379,1.0011568281576897
2022-12-25,1218.99,1224.13,1196.94,1220.26,28109.23676862,1.002130693458771
2022-12-26,1220.29,1233.5,1211.81,1222.86,23679.051032595,0.9736928184747233
2022-12-27,1222.89,1224.43,1187.42,1190.69,42306.645033051,1.0035693589431338
2022-12-28,1190.91,1207.74,1182.0,1194.94,42283.540265588,0.9989371851306342
2022-12-29,1194.99,1205.88,1189.66,1193.67,33524.900338608,0.9996146338602796
2023-01-01,1193.81,1204.39,1192.58,1201.81,16386.199764243,1.013005383546484
2023-01-02,1201.95,1223.48,1200.12,1217.44,32379.336953333,1.0248636483112104
2023-01-03,1217.56,1254.72,1204.48,1247.71,40255.135126619,1.004303884716801
2023-01-04,1247.74,1271.2,1243.35,1253.08,54481.030355019,0.9967520030644492
2023-01-05,1253.08,1257.53,1242.39,1249.01,30055.600402064,1.0118413783716704
2023-01-06,1248.95,1276.46,1235.52,1263.8,44949.813500782,0.9993669884475392
2023-01-07,1263.8,1266.66,1257.6,1263.0,17758.957353182,1.035384006334125
2023-01-08,1263.08,1313.93,1260.89,1307.69,46732.077279093,1.014391790103159
2023-01-09,1307.69,1344.14,1306.7,1326.51,58471.105927278,1.0029098913690813
2023-01-10,1326.68,1346.84,1321.35,1330.37,56887.09262804,1.0481520178596933
2023-01-11,1330.27,1416.72,1320.83,1394.43,81620.792336966,1.0085769812755032
2023-01-12,1394.42,1437.34,1370.9,1406.39,95508.862783455,1.0990052545879876
2023-01-13,1406.55,1589.8,1401.25,1545.63,115274.023607976,0.9883477934563898
2023-01-14,1545.94,1563.72,1503.49,1527.62,81609.827363762,1.0311988583548266
2023-01-15,1527.6,1582.84,1517.59,1575.28,63623.68686411,0.9962292417855872
2023-01-16,1575.08,1601.43,1520.58,1569.34,53284.87662713,1.010858067722737
2023-01-17,1569.55,1605.0,1557.19,1586.38,42162.554654656,0.9632055371348605
2023-01-18,1586.22,1607.2,1499.0,1528.01,58094.907985605,1.012133428446149
2023-01-19,1528.18,1563.7,1512.33,1546.55,44101.903115322,1.0640393133102712
2023-01-20,1546.29,1676.34,1541.47,1645.59,45175.56191997,0.9889765980590549
2023-01-21,1645.57,1679.19,1604.55,1627.45,44722.645264315,1.0025930136102492
2023-01-22,1627.09,1661.33,1607.19,1631.67,36955.733923426,1.003701728903516
2023-01-23,1631.67,1648.02,1586.09,1637.71,40737.213916523,0.9460466138693663
2023-01-24,1637.54,1638.898689,1515.91,1549.35,51045.517510536,1.0452447800690614
2023-01-25,1549.2,1640.0,1525.21,1619.45,57653.595325742,0.9773441600543394
2023-01-26,1619.71,1621.71,1553.49,1582.76,38745.065731664,1.0109429098536733
2023-01-27,1582.31,1621.58,1562.8,1600.08,36912.230665601,0.9986063196840158
2023-01-28,1599.83,1618.98,1556.74,1597.85,31364.489673253,1.024144944769534
2023-01-29,1598.1,1659.59,1588.81,1636.43,45505.918752093,0.9546940596298038
2023-01-30,1636.41,1638.36,1541.89,1562.29,47255.789092571,1.0132625824910868
2023-01-31,1562.29,1605.6,1561.72,1583.01,38362.162281422,1.0552239088824455
2023-02-01,1582.94,1697.26,1557.95,1670.43,83340.459844259,0.9845728345396095
2023-02-02,1670.11,1714.2,1627.32,1644.66,76622.820560893,1.0041102720319093
2023-02-03,1644.54,1676.65,1598.0,1651.42,62081.269502973,1.0099732351551998
2023-02-04,1651.65,1751.2,1645.55,1667.89,51895.787561171,0.9749767918987462
2023-02-05,1667.9,1674.21,1610.28,1626.15404144,51294.606683883,1.0057165301214444
2023-02-06,1682.6,1682.6,1593.0,1635.45,39632.773458983,1.0244947873673913
2023-02-07,1635.17,1697.0,1624.35,1675.51,89839.567034764,0.9717817261609898
2023-02-08,1675.75,1754.1,1593.0,1628.23,89625.833800668,0.9472003341051326
2023-02-09,1628.21,1711.8,1524.91,1542.26,97437.945381172,0.9843281936897799
2023-02-10,1542.0,1555.34,1494.04,1518.09,82068.288001939,1.010519797903945
2023-02-11,1518.15,1543.43,1506.05,1534.06,38904.20383229,0.9904436593092839
2023-02-12,1534.29,1548.5,1493.91,1519.4,90840.632805849,0.989127287087008
2023-02-13,1519.14,1526.46,1462.5,1502.88,103866.033970146,1.0317989460236345
2023-02-14,1502.91,1568.79,1489.98,1550.67,95379.625507169,1.0918054776322492
2023-02-15,1550.66,1712.11,1545.03,1693.03,100939.216075971,0.9781161586032144
2023-02-16,1693.03,1740.88,1629.66,1655.98,49309.009527941,1.0252660056280873
2023-02-17,1656.06,1721.17,1646.79,1697.82,50399.972945551,1.0027741456691521
2023-02-18,1697.82,1712.86,1680.0,1702.53,32567.395130726,0.9926638590803099
2023-02-19,1702.55,1726.19,1651.5,1690.04,68738.531033567,1.0048105370287095
2023-02-20,1690.1,1719.42,1685.39,1698.17,38056.154884721,0.9673648692415954
2023-02-21,1697.85,1714.66,1621.85,1642.75,69598.624568836,1.01352609952823
2023-02-22,1642.68,1678.76,1596.24,1664.97,79086.324665713,0.9884442362324847
2023-02-23,1665.16,1673.33,1629.22,1645.73,55175.84878002,0.9697155669520517
2023-02-24,1645.84,1657.68,1575.75,1595.89,76623.680671082,1.002174335323863
2023-02-25,1596.16,1608.07,1558.96,1599.36,37893.468237957,1.021702430972389
2023-02-26,1599.28,1651.14,1595.39,1634.07,50848.268401951,0.9956060633877375
2023-02-27,1634.26,1664.92,1607.66,1626.89,69404.173426067,1.0146229923350687
2023-02-28,1626.6,1661.45,1595.61,1650.68,66168.965706057,0.996310611384399
2023-03-01,1650.88,1677.95,1631.35,1644.59,65590.267731135,0.9528757927507768
2023-03-02,1644.74,1658.0,1547.5,1567.09,88396.540763936,0.9999680937278651
2023-03-03,1567.13,1580.53,1547.28,1567.04,74920.502278803,1.0020293036552992
2023-03-04,1567.3,1588.4,1549.16,1570.22,43800.415759219,0.993739730738368
2023-03-05,1570.37,1578.5,1554.71,1560.39,54418.435028197,1.0087542217009848
2023-03-06,1560.26,1583.85,1557.71,1574.05,58682.507428894,0.9853562466249484
2023-03-07,1574.04,1574.32,1536.12,1551.0,90037.691713266,0.9911283043197937
2023-03-08,1551.1,1565.47,1524.25,1537.24,83269.963745462,0.9239220941427493
2023-03-09,1537.36,1550.4165,1408.61,1420.29,113090.958878933,1.0319030655711159
2023-03-10,1420.25,1489.44,1369.8,1465.601605,157322.401571061,1.0070685284013454
2023-03-11,1465.76,1494.5,1417.25,1475.96125157,59664.54876932,1.084055091756666
2023-03-12,1476.56,1635.0,1459.06,1600.02331,51754.375945972,1.052072172623535
2023-03-13,1599.77736319,1700.1581125,1569.69,1683.34,53371.798460812,1.0162224254458398
2023-03-14,1683.61,1781.13,1662.95,1710.64785765,89552.970784242,0.9622687164711569
2023-03-15,1710.31,1746.62475,1614.24,1646.102918315,120135.916816566,1.0357172185474184
2023-03-16,1645.97,1730.0,1641.36,1704.897136,78992.459481654,1.0617186877601745
2023-03-17,1704.114360595,1835.35724,1697.37,1810.12115,62764.659145834,0.9855003351571248
2023-03-18,1810.57,2419.6,1752.1,1783.875,47943.386757887,0.9860584239927125
2023-03-19,1783.71,1870.53645,1743.2,1759.0049711,69549.761730928,0.9985406348434623
2023-03-20,1758.69915,1870.11,1728.4,1756.437940535,80190.179150404,1.0287778795358997
2023-03-21,1756.05,1840.289,1723.66,1806.9845,78789.26993549,0.9610203741537351
2023-03-22,1807.16,1823.11,1714.71,1736.54892028,113109.305785739,1.041146168636861
2023-03-23,1736.82,1858.66,1735.55,1808.001255,95513.849046333,0.9713156974550884
2023-03-24,1808.04,1832.7725,1728.84,1756.14,44259.47113533,0.997118680742993
2023-03-25,1756.14,1767.25,1715.57,1751.08,52250.064289742,1.0090572675149052
2023-03-26,1750.86,1806.07,1747.44380021,1766.94,68324.968992377,0.9733663848234801
2023-03-27,1767.12,1771.52,1688.84,1719.88,73480.146433208,1.0424564504500313
2023-03-28,1719.79,1799.1,1712.25,1792.9,69693.963802404,1.002565675720899
2023-03-29,1792.88399825,1830.0,1766.12,1797.5,97930.78950843,1.0044907938247567
2023-03-30,1797.3,1818.33,1763.83,1805.5722019,81686.225361254,1.012350856845566
2023-03-31,1805.76,1847.07,1778.97,1827.87256569,71189.457156055,0.9932044049879861
2023-04-01,1827.7,1832.8519,1809.72,1815.451084,41078.701556302,0.9794420657604455
2023-04-02,1814.79,1826.37915,1763.62,1778.12916,51426.137650719,1.0149431439502403
2023-04-03,1778.22,1840.0,1771.33,1804.7,91562.071643461,1.0581537097578546
2023-04-04,1804.77,1925.9,1804.0307,1909.65,107081.467752916,0.9916633938156206
2023-04-05,1909.32,1943.6,1884.27,1893.73,90736.044897637,0.9914593711880785
2023-04-06,1893.6,1907.6846,1854.83,1877.556355,65088.976426903,0.99460663059565
2023-04-07,1877.31,1882.60045,1842.65,1867.43,47246.017229921,0.9929751848797544
2023-04-08,1867.64110495,1887.54997735,1848.29,1854.3116495,28770.601811291,1.0020832420758623
2023-04-09,1853.83,1875.0,1825.82,1858.17462955,56608.133787152,1.0336649577791024
2023-04-10,1858.24,1937.54,1845.09272245,1920.73,76348.845278855,0.97312480150776
2023-04-11,1920.96,1935.700455,1855.4,1869.11,68293.234544751,1.0248603590906902
2023-04-12,1869.12,1934.1,1862.83385,1915.57674578,92584.283670997,1.104788899563648
2023-04-13,1915.24,2130.78,1909.74,2116.307925,137614.884541268,0.9867656664376948
2023-04-14,2115.64,2134.86,2044.99,2088.3,102755.359319909,1.0051142077287745
2023-04-15,2088.29,2113.18,2075.32,2098.98,64425.334147685,1.001009661359327
2023-04-16,2099.09,2142.83,2076.67,2101.099259,73440.392566968,0.9920047264173537
2023-04-17,2100.78,2123.54,2052.92,2084.3003956,74728.792377406,1.0014772843715332
2023-04-18,2084.37,2125.316471,2071.15,2087.3795,65973.669151702,0.9367290542999009
2023-04-19,2087.33,2113.895,1925.45,1955.309025,98576.132106703,0.9920865577756949
2023-04-20,1955.87,2034.615,1915.0,1939.8358,95108.756694276,0.9602771533549386
2023-04-21,1940.11,2012.8285,1825.2,1862.78,78116.287072684,1.0014415371648826
2023-04-22,1862.78,1895.32,1843.78,1865.4652666,36936.681833421,0.9986463089690206
2023-04-23,1865.25,1890.856375,1838.87,1862.940003,53341.401634002,0.9846062574458552
2023-04-24,1862.83,1877.38,1807.46,1834.2623842,64438.203206772,1.0173280656703116
2023-04-25,1833.97,1899.1755,1804.05,1866.04660325,62109.410833829,1.0245135339440778
2023-04-26,1866.21,1965.9294,1786.42,1911.79,101957.464637959,1.0022492010105712
2023-04-27,1911.93,1939.1,1863.74,1916.09,84953.820583111,0.9940764593521182
2023-04-28,1916.63,1938.370074,1878.01,1904.739963,40458.095651896,0.9979056153976437
2023-04-29,1904.74,1933.1905535,1886.98,1900.75070495,25889.426498023,0.973727377914447
2023-04-30,1900.2,1940.56,1825.85,1850.813,44980.869394217,0.9883052771944005
2023-05-01,1850.34,1885.82975,1807.92,1829.168255,37658.714207417,1.020094471812272
2023-05-02,1830.31,1885.0,1827.24,1865.92442494,36184.4090114,1.0201042339703583
2023-05-03,1865.77,1918.89,1845.79,1903.43740615,44064.565442877,0.9988847564973026
2023-05-04,1903.94,1927.256286,1869.05,1901.31460995,26367.20949018,1.0400397386374693
2023-05-05,1901.33,2024.29,1869.05,1977.44275,35597.714566977,0.966212106519898
2023-05-06,1977.5,2007.8985,1871.68,1910.629125,30488.402660855,0.9979504983731471
2023-05-07,1910.19,1953.0,1890.7,1906.7132875,36591.046314397,0.9859089511642164
2023-05-08,1906.08,1913.554095,1833.63,1879.84569745,45950.145348804,0.9837917455186184
2023-05-09,1880.11,1904.392385,1845.23,1849.37668,10785.47540036,0.9912981599832869
2023-05-10,1848.7781,1889.517253855,1796.752974,1833.2837,13543.212061388,0.9682134849068914
2023-05-11,1833.02,1856.18,1760.298855,1775.01,11517.789209918,1.0156134049949015
2023-05-12,1774.54,1817.38,1746.03,1802.72395,13714.482379009,1.0004776382984206
2023-05-13,1802.43,1812.063291,1787.77,1803.585,7741.616990086,1.0137791606716622
2023-05-14,1803.71,1835.25,1787.07,1828.4368875,11715.141870618,0.9914557961465323
2023-05-15,1828.82,1846.42,1797.0474,1812.81435,14063.129345326,1.0063227218358017
2023-05-16,1812.56,1836.79797615,1806.59,1824.276270875,12688.48885069,0.9989015044448071
2023-05-17,1824.45,1835.98077225,1784.21,1822.2723115,14036.995876706,0.9905594178260663
2023-05-18,1822.87,1831.136209,1772.99,1805.069,12982.993565881,1.0050192298466152
2023-05-19,1805.16,1829.59,1788.933066181,1814.1290562,7023.245550267,1.0020012654764512
2023-05-20,1813.9,1829.76862515,1808.48875,1817.75961005,5978.437210457,0.9922275189871717
2023-05-21,1817.63,1819.36,1791.64,1803.631107995,8294.515846398,1.0293248302108717
2023-05-22,1803.9,1869.095335,1803.4645934,1856.522284,12464.06719353,0.985603995254818
2023-05-23,1856.7,1866.386403255,1816.44,1829.79578039,12540.396888095,0.9741080162208583
2023-05-24,1829.97,1837.999685183,1765.09,1782.418737725,16128.875022595,1.0152586267746002
2023-05-25,1782.1,1819.37,1778.3277631555,1809.616,10926.186677725,1.0144284573909603
2023-05-26,1809.85328465,1840.0,1803.15381455,1835.72596735,9912.316647072,1.0085219495056679
2023-05-27,1835.4986181,1865.53,1814.79,1851.36993135,7623.493299877,1.0269962624992808
2023-05-28,1851.46,1931.255,1839.5071308,1901.35,14301.64423025,0.9991658991769007
2023-05-29,1901.39,1911.92,1874.66,1899.7640824,11040.2861299,0.9872619276129125
2023-05-30,1899.286,1918.98,1871.38,1875.56475,10700.776724925,0.9898800799545844
2023-05-31,1874.85,1889.2,1842.01,1856.58418469,13482.222844664,1.016405192159431
2023-06-01,1856.36,1889.5209775,1848.206519271,1887.041805,12047.836548613,1.0080993045010997
2023-06-02,1886.86,1911.08,1877.23,1902.325531185,12594.6107659,0.9965549499401831
2023-06-03,1902.42,1907.9778,1881.89,1895.7719245,9957.326589822,0.9874705394710048
2023-06-04,1895.65,1914.62,1867.92,1872.018925,15698.536760085,0.9735860442757008
2023-06-05,1871.73,1876.9,1781.23,1822.5715,21784.322074899,1.0454303877790254
2023-06-06,1822.66,1924.32,1791.0,1905.37163,19130.64316681,0.9649540415378179
2023-06-07,1906.63,1998.59,1810.5371,1838.596055,12082.419705744,0.9964124501507211
2023-06-08,1846.97,1877.9955,1818.43,1832.0,6440.615395459,0.9763623089519651
2023-06-09,1830.78,1855.4673965,1785.3665,1788.69575,8416.284629801,0.9809075665886722
2023-06-10,1792.98,1794.46,1718.24553175,1754.5451955,5306.141700202,0.9922745830060322
2023-06-11,1758.34,1778.0309116,1720.9022805,1740.99060223,3502.037833551,1.0036766528301768
2023-06-12,1741.09588,1771.0,1722.284860395,1747.391620255,2632.417679023,1.0092128058521024
2023-06-13,1747.3489,1772.84,1725.53215,1763.49,1808.796524144,0.934957449432659
2023-06-14,1763.0,1773.45,1632.16,1648.7881125,153.631348104,1.0106779957755185
2023-06-15,1649.14969871,1678.708375,1622.5935,1666.393865,17.112446808,1.0357698358425005
2023-06-16,1665.91766205,1727.6831102,1649.2381955,1726.0005,11.749576515,1.0018537074583698
2023-06-17,1725.581991975,1770.32819985,1720.307688245,1729.2,4.491478352,0.9972945706800832
2023-06-18,1729.5493622,1747.98085,1712.965497,1724.52177162,8.130227576,1.003915130844453
2023-06-19,1724.090196265,1750.33931365,1699.8747136,1731.2735,3.745330517,1.0495997024444723
2023-06-20,1730.9505,1820.653741,1714.543175,1817.14415045,66.991783331,1.0566761913326994
2023-06-21,1815.50895025,1933.0243102,1806.70433075,1920.13296,36.801812606,0.9794838087670763
2023-06-22,1919.70915,1927.755,1862.4486,1880.739145,6.924380157,1.0070870592077776
2023-06-23,1881.524878,1934.0870565,1860.85553,1894.068054675,16.919577887,1.0069254614651377
2023-06-24,1893.78511,1917.0908985,1863.0005,1907.18535,19.79357843,0.984688037793495
2023-06-25,1907.562303165,1930.898383905,1865.99810475,1877.9826,26.078861011,0.9959835737295969
2023-06-26,1878.2493535,1912.805,1837.05251,1870.43982135,11.05975673,0.9975739386008554
2023-06-27,1870.16138221,1914.6,1852.928583,1865.9020195,6.710362527,0.9857902402039819
2023-06-28,1865.8173725,1870.83,1816.414708,1839.388,47.285487356,1.0262997311333988
2023-06-29,1839.742275095,1909.386948,1816.5844045055,1887.76340985,11.049695472,1.014271539542204
2023-06-30,1887.2547665,1946.21,1825.5586931,1914.7047,73.849347181,0.999382800115339
2023-07-01,1914.52275,1933.742129,1908.8863749965,1913.52294448,2.392412563,1.0185287067616715
2023-07-02,1913.442246,1960.1222745,1886.5598,1948.97805,27.336458656,1.0029463007549007
2023-07-03,1948.804178095,1974.98,1942.361496855,1954.7203255,36.961401905,0.9911218882447744
2023-07-04,1953.84168,1965.37135,1931.955897835,1937.3661,4.20132542,0.9863058306326306
2023-07-05,1936.9700771,1944.994320723,1894.695,1910.8354805,20.553019866,0.9706439507365009
2023-07-06,1911.40895119,1958.105165,1826.7716363,1854.7409,49.326169892,1.0031074124423525
2023-07-07,1854.52,1877.591,1851.595,1860.50434495,23.931127262,1.004909128578383
2023-07-08,1860.45502067,1874.93725235,1836.38,1869.6378,42.693204021,0.9951943002008197
2023-07-09,1869.767537,1878.96,1846.9461415,1860.652882,11.374285044,1.009122511868928
2023-07-10,1860.9236359,1904.917085,1849.6236933,1877.62671,10.058158858,1.0027952254684318
2023-07-11,1877.1301322,1897.251,1863.33328827,1882.8751,30.301601713,0.9911208416851441
2023-07-12,1882.3939455,1901.894135085,1862.55,1866.1567539,6.864261398,1.0769304252174805
2023-07-13,1865.902,2027.8655735,1857.566669864,2009.7209865,92.429428148,0.9615748441655635
2023-07-14,2009.750745,2010.59348845,1900.5353105,1932.49714441,22.682002302,0.9966789311805377
2023-07-15,1932.4396323,1947.34830245,1915.781,1926.0791884,7.244567896,1.0037588867807736
2023-07-16,1925.1001393,1942.812259179,1907.70239,1933.319102,25.317751611,0.9880440833713958
2023-07-17,1934.06579,1936.70170015,1875.3353227405,1910.2045,15.987889419,1.0011264184017994
2023-07-18,1910.3781014,1937.11,1877.7779853,1912.3561895,8.287135336,0.9915086069011831
2023-07-19,1912.59845,1921.76630299,1881.94312575,1896.11762135,8.725105249,0.9995148558614496
2023-07-20,1896.2192385,1929.12215,1878.01,1895.197731,14.120375601,0.9996525914530023
2023-07-21,1895.02,1905.81461225,1884.44125,1894.53932311,2.079270831,0.9894944998674782
2023-07-22,1893.826,1895.4655,1853.461185,1874.63624,21.101175569,0.9981102949178022
2023-07-23,1874.325445245,1905.1709905,1862.6745,1871.09373037,33.299504533,0.9877346709053096
2023-07-24,1871.2515,1878.7374203,1832.9663775,1848.14415,14.427202385,1.0035728273684712
2023-07-25,1848.2,1868.33257,1847.81548063,1854.74725,3.990219177,1.013646738120248
2023-07-26,1854.5488287,1887.1812415,1848.498987955,1880.0585,10.472192207,0.9912912571603489
2023-07-27,1879.49697395,1886.1986415,1854.4719815,1863.685554,13.434555027,1.006687763795909
2023-07-28,1863.6,1883.913,1846.724902793,1876.149442775,13.684286498,1.0015145325794501
2023-07-29,1875.851985,1895.541695925,1869.205655,1878.99093223,6.004161917,0.9915658114905367
2023-07-30,1878.88635425,1885.015,1850.06,1863.1431685,3.804341746,0.9792409841852687
2023-07-31,1863.377,1874.43369107,1818.5,1824.46615,9.359579444,1.020633227423814
2023-08-01,1824.51985,1878.58,1814.5352861,1862.110775,11.367055935,0.9860068360675267
2023-08-02,1861.83927,1863.2470164,1820.3112915,1836.053953665,12.439891741,0.9987491551321704
2023-08-03,1836.32744438,1857.398158346,1824.23854,1833.757335,1.353549994,0.996403725359877
2023-08-04,1833.71899155,1849.36815,1816.445,1827.16264,0.972902313,1.0038424351348383
2023-08-05,1826.98819044,1837.330144215,1826.0715,1834.183393925,2.033753361,1.002416809970956
2023-08-06,1833.39745,1843.42658,1823.30675589,1838.61626664,0.633919342,0.9959201021028121
2023-08-07,1837.832886,1839.158,1802.6722305,1831.1149,6.345768815,1.0136313665679855
2023-08-08,1831.14484,1875.3017,1827.309,1856.07549843,14.734339735,0.9971034492214635
2023-08-09,1856.24689,1870.9614082,1844.376076,1850.6992815,3.441886347,0.9974266486470238
2023-08-10,1850.444,1864.5463634,1841.114290075,1845.936782,5.94105619,1.0003570278713911
2023-08-11,1845.80941865,1855.38702,1837.64673145,1846.59583288,2.287529123,1.0004516991401953
2023-08-12,1847.00345626,1854.471845,1844.9333,1847.42993863,0.507003247,0.9990175873022032
2023-08-13,1847.53885325,1861.44,1833.24,1845.615,0.57848213,0.9970340278633409
2023-08-14,1845.78999795,1854.739505,1838.54550545,1840.140957335,1.601580939,0.9917492253653284
2023-08-15,1840.601335815,1843.9651774,1813.819005175,1824.958369,12.644649581,0.9845190446643005
2023-08-16,1824.14675,1827.34501,1778.7517005,1796.70627,4.819032659,0.9285113214415398
2023-08-17,1797.31842073,1801.352215,999.0,1668.262113,100.743421008,0.9958919596947053
2023-08-18,1668.7583647,1696.13672,1643.796983,1661.408825,4.486076193,1.0033027241202959
2023-08-19,1661.73177,1694.8915,1653.8564,1666.896,4.573087841,1.005497643524251
2023-08-20,1666.643,1693.988,1661.4995,1676.06,4.869480628,0.9916291779530566
2023-08-21,1675.98,1686.1595,1650.7,1662.03,13.103527124,0.985030354446069
2023-08-22,1662.01,1667.727,1590.596,1637.15,8.913994674,1.0237241547811746
2023-08-23,1638.155,1696.985,1621.033793619,1675.99,5.284480034,0.9835649377382919
2023-08-24,1676.65,1678.587,1636.496,1648.445,9.646559196,1.0021769000482272
2023-08-25,1648.63,1674.1105,1616.8680603625,1652.0335,2.570701713,0.9993111519832982
2023-08-26,1652.452,1653.6465,1642.8825,1650.8955,0.326479026,0.9991362263692644
2023-08-27,1651.414,1659.292,1647.109,1649.4695,1.901504685,0.9998305515803718
2023-08-28,1649.585,1661.465,1623.845,1649.19,29.105142517,1.04231168027941
2023-08-29,1649.865,1743.6,1564.922587853,1718.97,16.396830818,0.9899771374718581
2023-08-30,1719.185,1722.16,1696.35,1701.741,5.759816995,0.9695635234739011
2023-08-31,1701.705,1723.314,1630.41,1649.946,16.1283454,0.9887278129102408
2023-09-01,1649.9,1651.12,1602.5115,1631.3475,21.660199699,1.0023094405085367
2023-09-02,1631.079,1644.484,1629.2455,1635.115,4.421607756,1.0020151487815843
2023-09-03,1635.338,1646.0635,1625.789,1638.41,6.272755706,0.9898621224235691
2023-09-04,1638.234,1640.9545,1610.035,1621.8,11.803989851,1.0051177703785916
2023-09-05,1621.8345,1645.9125,1619.9505,1630.1,4.013584113,1.0052438500705478
2023-09-06,1629.445,1665.865,1612.175,1638.648,0.930126167,1.007434177443844
2023-09-07,1638.5895,1685.98,1624.00362538,1650.83,3.671348512,0.9891836227836907
2023-09-08,1652.084,1653.43,1616.87,1632.974,6.254894344,0.9953465272564046
2023-09-09,1633.081,1636.5835,1620.034,1625.375,1.420727255,0.9912881642697838
2023-09-10,1624.966,1628.035,1602.47,1611.215,1.920600337,0.9816318740826022
2023-09-11,1611.3445,1617.4005,1533.1,1581.62,74.248028503,1.005674245393963
2023-09-12,1582.3055,1618.4625,1574.9615,1590.5945,35.649658167,1.0160119376748757
2023-09-13,1590.8,1637.7815059975,1581.86,1616.063,2.374963132,1.0109333608900146
2023-09-14,1615.598,1642.36,1613.205,1633.732,6.022199983,1.0030344634248456
2023-09-15,1632.9,1652.7275,1612.2495,1638.6895,4.217927849,0.9954787041718398
2023-09-16,1639.667,1640.685,1620.202,1631.2805,0.051025161,0.9994409299933396
2023-09-17,1631.605,1636.3155,1607.3925,1630.3685,3.494266726,1.004644042129126
2023-09-18,1630.87,1668.977,1627.86,1637.94,4.688851856,0.9990597946200716
2023-09-19,1637.53,1659.9245,1633.19,1636.4,13.710229431,0.9927728550476655
2023-09-20,1636.2655,1685.98,1607.9,1624.5735,4.284532233,0.9812279961479121
2023-09-21,1624.039,1624.592,1568.445,1594.077,2.215087975,0.9989134778307447
2023-09-22,1593.9585,1602.37,1586.76,1592.345,2.586371569,1.0002669019590604
2023-09-23,1592.632,1595.915,1587.8,1592.77,1.902297719,0.991034173170012
2023-09-24,1592.679,1600.68,1564.535,1578.4895,2.934207317,1.007966793570689
2023-09-25,1578.355,1596.095,1564.2625,1591.065,2.131243957,1.0005405184577625
2023-09-26,1591.34,1597.8,1580.14,1591.925,13.402642551,1.0102250420088887
2023-09-27,1591.475,1632.59,1583.1,1608.2025,7.018517989,1.0281665399724225
2023-09-28,1608.7785,1667.5795,1606.147,1653.5,22.403340839,1.009967039612942
2023-09-29,1654.565,1687.4665,1653.219,1669.9805,3.681383817,1.003375787920877
2023-09-30,1670.154,1694.2215,1668.458,1675.618,0.459852568,1.0304854686450016
2023-10-01,1675.595,1764.0,1668.62,1726.7,1.186103609,0.9655701627381711
2023-10-02,1726.8475,1744.068,1640.2745,1667.25,4.442961969,0.9833969110811217
2023-10-03,1667.36,1670.355,1634.3,1639.5685,3.113697509,1.0031782752596186
2023-10-04,1638.535,1654.545,1628.665,1644.7795,3.987768306,0.9869672500174035
2023-10-05,1645.25,1648.366,1609.6555,1623.3435,7.205342758,1.0113324752278245
2023-10-06,1623.367,1660.565,1612.274,1641.74,14.983492027,0.9957867871892018
2023-10-07,1641.93,1643.7335,1630.4,1634.823,16.840528508,0.9991219232907782
2023-10-08,1634.435,1639.5495,1617.845,1633.3875,10.471688747,0.9698464081548316
2023-10-09,1633.4,1634.1,1551.33,1584.135,37.657542848,0.9850681917892099
2023-10-10,1584.505,1594.35,1551.085,1560.481,22.291655778,1.0003518146007544
2023-10-11,1560.1255,1578.5525,1548.958548387,1561.03,19.708286697,0.9875178567996772
2023-10-12,1560.5995,1566.254,1521.754,1541.545,22.558869936,1.0070799100902017
2023-10-13,1541.9475,1574.005,1537.47,1552.459,26.647811372,1.001414530109974
2023-10-14,1552.665,1560.195,1545.22,1554.655,5.997934483,1.0047566823507466
2023-10-15,1554.766,1566.8115,1549.92,1562.05,23.837977581,1.0172177587145097
2023-10-16,1562.95,1685.8458,1562.8945,1588.945,36.502899699,0.9896865530273231
2023-10-17,1589.3055,1593.827,1553.7,1572.5575,16.908781852,0.9859226133225655
2023-10-18,1574.05,1585.03,1542.9185,1550.42,0.581880194,1.0212394060964125
2023-10-19,1550.325,1594.6245,1542.9675,1583.35,0.895994398,1.0098509489373797
2023-10-20,1583.41,1630.38,1579.954,1598.9475,22.914309579,1.0225341982773042
2023-10-21,1598.92,1644.2385,1598.4,1634.9785,13.320343803,1.0376894864366717
2023-10-22,1635.585,1764.0,1622.4545,1696.6,33.52719514,1.0738217611693976
2023-10-23,1693.33,1849.1175,1663.0525,1821.846,27.38860405,0.9851691635846278
2023-10-24,1822.45,1853.6335,1756.249,1794.8265,21.122227613,1.0075932130487264
2023-10-25,1795.1155,1817.85,1761.5665,1808.455,14.182772589,0.9929525478930912
2023-10-26,1808.215,1864.95,1763.82,1795.71,27.060614602,0.9971287123199181
2023-10-27,1796.009,1796.3825,1751.115,1790.554,23.290992316,0.9926383119414437
2023-10-28,1790.3935,1801.305,1766.45,1777.3725,0.331351028,1.0048765804579514
2023-10-29,1777.845,1811.887,1775.155,1786.04,1.148887925,1.0081969048845492
2023-10-30,1786.045,1829.55,1778.8625,1800.68,25.107898884,1.0048267876579957
2023-10-31,1801.4365,1828.9115,1784.671,1809.3715,11.777534052,1.0234796999952747
2023-11-01,1808.412,1874.755,1785.24,1851.855,31.714535153,0.9675447051740013
2023-11-02,1851.9835,1852.2545,1778.94,1791.7525,9.047052589,1.0218849980675344
2023-11-03,1793.5185,1839.949,1781.444,1830.965,6.781061831,1.029161671577556
2023-11-04,1830.435,1895.065,1826.555,1884.359,5.681169061,0.9956807593457511
2023-11-05,1884.15,1913.6623413095,1860.641,1876.22,6.651537971,1.010158723390647
2023-11-06,1876.276,1917.3,1873.77,1895.28,43.713692445,0.9919056814824195
2023-11-07,1895.3,1907.667,1851.338,1879.939,3.386491421,1.020833654709009
2023-11-08,1879.16,1930.15,1873.76,1919.105,26.481914983,1.106724488759083
2023-11-09,1919.1525,2136.2585,1905.2915,2123.9205,131.284777465,0.968185956112764
2023-11-10,2123.75,2124.825,2034.427,2056.35,26.618096748,0.9987599387263842
2023-11-11,2057.1465,2091.19,2015.068,2053.8,7.76477808,0.9942647774856362
2023-11-12,2053.365,2075.298,2032.4515,2042.021,8.04663673,1.0109731976311702
2023-11-13,2041.85,2118.305,2031.75,2064.4285,18.972519104,0.9617480091947965
2023-11-14,2063.2785,2065.0385,1935.483870967,1985.46,22.740525588,1.037034238916926
2023-11-15,1983.535,2080.485,1979.627,2058.99,11.064537176,0.960653038625734
2023-11-16,2058.373,2090.65,1940.55,1977.975,17.487313759,0.9770093150823443
2023-11-17,1977.02,1987.579,1906.9025,1932.5,11.612563572,1.0131591203104786
2023-11-18,1933.5515,1972.54,1919.57,1957.93,1.021752107,1.0218189618627838
2023-11-19,1958.655,2015.6725,1946.5815,2000.65,3.414373499,1.0074053432634393
2023-11-20,2001.7665,2067.35,1998.4455,2015.4655,4.73204922,0.9847821756313864
2023-11-21,2014.1,2019.643,1931.7,1984.7945,30.888268923,1.04033944068265
2023-11-22,1985.415,2091.135,1985.061,2064.86,37.572028797,1.0035135553984287
2023-11-23,2063.471,2084.71515869,2041.722,2072.115,2.397981055,1.0064204930710892
2023-11-24,2072.1165,2133.142,2065.13,2085.419,20.514087997,0.9987225588718623
2023-11-25,2085.55,2091.866,2067.846,2082.755,2.706658331,0.9830512950395028
2023-11-26,2082.285,2095.1165,2038.02,2047.455,1.805986995,0.9759357348513155
2023-11-27,2047.98,2055.356,1987.186,1998.1845,22.744480274,1.0282959356355732
2023-11-28,1997.752,2076.197,1996.55,2054.725,5.101293784,0.9903953083746001
2023-11-29,2055.111,2072.295,2020.316,2034.99,11.06740893,1.0285861355584056
2023-11-30,2033.5085,2100.6,2022.005,2093.1625,4.38679778,1.0015705899565848
2023-12-01,2092.1,2111.395,2071.35,2096.45,3.247593945,1.0313899687567079
2023-12-02,2094.8665,2184.515,2094.5135,2162.2575,7.205132693,1.0385763490241102
2023-12-03,2161.651,2252.7685,2150.7985,2245.6695,23.990610238,0.9948859349071624
2023-12-04,2245.564,2961.0,2201.386079404,2234.185,41.358207531,1.016034482372767
2023-12-05,2234.515,2311.59,2188.795,2270.009,24.998248345,0.9977277623128367
2023-12-06,2268.965,2287.91,2221.0185,2264.851,26.987977773,1.0487813547116345
2023-12-07,2266.049,2390.7495,2226.4355,2375.3335,20.041602868,0.9969419031053954
2023-12-08,2377.3415,2381.584,2331.5136476425,2368.0695,40.771204727,0.9956865708544449
2023-12-09,2368.9165,2402.855,2332.05,2357.855,9.834260335,0.9556514289470726
2023-12-10,2356.675,2377.855,2192.328,2253.2875,34.799130997,0.9870910835834308
2023-12-11,2249.905,2252.1575,2159.055,2224.2,21.995476654,0.97632721877529
2023-12-12,2223.335,2237.351,2147.2135,2171.547,7.523995121,1.0418356130445254
2023-12-13,2172.4735,2283.71,2148.515,2262.395,30.708569491,1.0017370971912507
2023-12-14,2261.485,2332.1,2248.35,2266.325,26.83656724,0.9911528575998588
2023-12-15,2264.5,2287.1185,2211.899,2246.2745,8.52773409,0.984802169102663
2023-12-16,2246.994,2262.0,2205.605,2212.136,20.786174639,0.9787418133423985
2023-12-17,2211.555,2245.515,2162.095,2165.11,9.206642582,1.03608061484174
2023-12-18,2164.32,2249.9305,2117.53,2243.2285,15.508625008,0.9848911958812933
2023-12-19,2242.631,2253.82,2134.539,2209.336,12.406993204,0.993266302635724
2023-12-20,2209.5,2264.4265,2158.4595,2194.459,9.219004277,1.0297754480717116
2023-12-21,2193.882,2278.157,2193.595,2259.8,3.34456539,1.0137151517833436
2023-12-22,2260.9405,2344.09,2248.891,2290.7935,7.858454216,0.99799479961856
2023-12-23,2291.8755,2326.7995,2279.186,2286.2,10.334605464,1.0000555506954774
2023-12-24,2286.415,2308.6805,2248.708,2286.327,6.479352427,0.9778391279987507
2023-12-25,2285.17,2304.709,2198.1586228285,2235.66,3.524848024,0.9959251406743423
2023-12-26,2235.85,2249.8205,2185.3,2226.55,50.78624175,1.0737059576474814
2023-12-27,2227.272,2452.7,2222.4405,2390.66,42.799250227,0.98680489906553
2023-12-28,2391.15,2413.5595,2315.2925,2359.115,41.274081752,0.9778980677075939
2023-12-29,2358.595,2386.3255,2262.805,2306.974,27.171929196,0.9886472496005589
